name,bits,pixels,bpp,mse,psnr,enc_time,dec_time
Danger_de_Mort_1.png,1600.0,692224,0.002311390532544379,16.478083091351436,35.96173672394518,5.076908349990845,7.717072486877441
